metric,gate_30,gate_40,p_value,significant,winner
D1 Retention,44.814856247902455,44.222144050655174,0.07335120786246173,False,gate_30
D7 Retention,19.01107506432487,18.19321079940199,0.001599704708439017,True,gate_30
